ID,TranslateX,TranslateY,TranslateZ,RotateX,RotateY,RotateZ
beardhair_singles_001,7.717987,-38.50722,-8.474365,0.032131,-0.087044,0.09561
beardhair_singles_002,-2.182175,-30.96828,-18.8222,0.049935,-0.015846,0.016053
beardhair_singles_003,1.287796,-35.21898,-14.57454,0.092774,-0.0209,0.026509
beardhair_singles_004,1.770279,-35.83897,-13.11513,-0.071662,0.045167,-0.074394
beardhair_singles_005,7.155945,-37.46282,-10.07614,0.070923,-0.035681,-0.00041
beardhair_singles_006,10.56232,-37.61722,-9.469452,-0.029151,-0.055161,0.076089
beardhair_singles_007,3.216324,-34.05341,-15.46849,-0.038413,0.019576,0.014511
beardhair_singles_008,6.035446,-34.07973,-14.91695,-0.002705,-0.044068,0.0053
beardhair_singles_009,10.74168,-37.57378,-9.839569,-0.071826,-0.06333,-0.014808
beardhair_singles_010,15.36095,-37.37471,-9.404144,-0.063985,-0.089776,-0.02243
beardhair_singles_011,1.722839,-31.34172,-18.27072,0.067424,0.086402,-0.061991
beardhair_singles_012,7.341721,-33.07327,-15.76193,0.039384,0.0347,-0.057155
beardhair_singles_013,7.749954,-33.787,-15.00177,0.031996,-0.042429,0.073138
beardhair_singles_014,11.46684,-36.56405,-11.83476,0.007293,-0.008688,-0.061936
beardhair_singles_015,0.857986,-27.0058,-21.74905,0.08617,0.066437,0.004936
beardhair_singles_016,6.694412,-29.77394,-18.77835,-0.057237,0.062033,0.032382
beardhair_singles_017,7.430099,-30.74217,-17.90302,0.070784,0.061922,-0.073165
beardhair_singles_018,-0.807724,-29.16647,-20.11441,-0.038987,0.053102,0.030057
beardhair_singles_019,3.411148,-32.35439,-17.18234,0.064347,-0.045626,-0.089995
beardhair_singles_020,-2.638443,-29.65087,-19.64961,-0.058658,-0.015983,-0.046746
beardhair_singles_021,1.60704,-32.95508,-16.58646,-0.077891,-0.078984,-0.08199
beardhair_singles_022,-7.101486,-15.74978,-24.94849,-0.073684,0.053529,0.008649
beardhair_singles_023,-6.757523,-17.89125,-24.49194,0.029092,0.061832,0.076737
beardhair_singles_024,-1.914841,-20.35734,-24.08383,0.010109,0.010056,0.068586
beardhair_singles_025,1.39624,-20.9013,-23.66132,-0.007923,-0.026173,-0.043631
beardhair_singles_026,3.788559,-28.24219,-20.65321,-0.008142,-0.026283,0.048077
beardhair_singles_027,4.766785,-29.31899,-19.29465,0.093009,0.050972,-0.027266
beardhair_singles_028,7.459473,-31.35643,-17.19135,-0.024616,0.036946,-0.095459
beardhair_singles_029,9.505051,-32.71925,-15.53069,0.00923,-0.019862,-0.023687
beardhair_singles_030,16.12766,-34.22507,-11.99506,0.049676,0.084013,-0.093929
beardhair_singles_031,16.69044,-35.54958,-10.7836,0.047699,-0.038413,-0.058302
beardhair_singles_032,18.86649,-38.59116,-7.469254,-0.040681,0.092719,0.079355
beardhair_singles_033,23.26872,-37.0387,-1.791809,0.016086,-0.086252,0.075124
beardhair_singles_034,21.78725,-37.87437,0.704163,0.044826,-0.010655,-0.065297
beardhair_singles_035,-4.541336,-15.59772,-25.29353,-0.060297,-0.099857,0.095918
beardhair_singles_036,-2.775223,-20.01596,-24.32066,0.077086,-0.005737,0.05074
beardhair_singles_037,0.211349,-22.43012,-23.43646,0.00288,0.014702,-0.004125
beardhair_singles_038,5.047897,-26.31507,-21.15628,0.099703,-0.002568,0.056335
beardhair_singles_039,7.42691,-26.18076,-20.34212,0.022659,-0.04008,-0.086771
beardhair_singles_040,12.07477,-30.09782,-16.82442,0.00541,-0.087618,-0.049778
beardhair_singles_041,14.02794,-27.6717,-16.40479,-0.073384,-0.080815,-0.050844
beardhair_singles_042,15.23181,-32.36623,-13.76035,0.081682,0.054032,-0.076198
beardhair_singles_044,23.38005,-30.26489,0.298859,-0.020709,0.040489,0.081768
beardhair_singles_045,6.494858,-19.07639,-22.47952,-0.058521,0.037883,0.07352
beardhair_singles_046,8.888351,-23.22181,-20.8192,-0.040517,0.086048,0.067027
beardhair_singles_047,10.61049,-23.11393,-19.96024,0.08288,-0.01142,-0.016939
beardhair_singles_048,13.13831,-24.82221,-17.88983,0.007177,-0.064286,0.03683
beardhair_singles_050,19.09364,-27.18254,-11.90083,-0.029206,0.042774,0.095421
beardhair_singles_052,-1.092911,-17.38388,-24.8125,-0.089694,0.03845,0.083425
beardhair_singles_053,3.695572,-31.64487,-17.65909,-0.019234,-0.085869,0.057473
beardhair_singles_054,1.889328,-32.99832,-16.56389,0.06187,-0.0412,-0.067018
beardhair_singles_055,3.225693,-35.26981,-13.86127,-0.037238,-0.069996,-0.021911
beardhair_singles_056,5.320892,-38.30019,-9.116943,0.062875,0.039503,-0.065788
beardhair_singles_057,-2.811096,-35.50321,-16.24536,-0.051554,-0.074558,-0.027649
beardhair_singles_058,-0.061905,-37.7118,-11.53784,0.051208,0.073353,0.095623
beardhair_singles_059,2.453796,-39.52605,-7.980347,0.012659,-0.034315,0.041447
beardhair_singles_060,6.065292,-39.46898,-6.79071,-0.025381,-0.079312,0.071097
beardhair_singles_061,-0.945877,-39.31036,-10.37985,0.083126,-0.061308,0.038305
beardhair_singles_062,-0.745255,-41.58651,-6.302551,0.074551,-0.001284,0.095648
beardhair_singles_063,0.947906,-42.10843,-3.436707,-0.050899,0.087456,-0.035599
beardhair_singles_064,-6.18811,-39.00211,-15.90468,0.079806,0.08169,-0.017185
beardhair_singles_065,-4.239273,-41.04365,-10.73814,0.021961,0.017006,-0.087399
beardhair_singles_066,-1.052567,-42.22497,-6.258026,-0.099311,0.059059,0.090732
beardhair_singles_067,0.285721,-42.25395,-4.344971,-0.074777,0.082748,-0.014316
beardhair_singles_068,-5.466202,-35.90865,-17.11751,0.040676,-0.019398,-0.082317
beardhair_singles_069,-5.563171,-39.44536,-13.89891,-0.086498,0.024964,0.056761
beardhair_singles_070,-2.368668,-42.20261,-8.492615,-0.021857,0.044255,-0.022676
beardhair_singles_071,-0.371368,-41.74132,-6.523788,0.01267,-0.069203,0.073135
beardhair_singles_072,0.617264,-44.30311,-1.730286,0.090359,-0.067127,-0.099174
beardhair_singles_073,-7.602066,-31.26125,-20.06281,0.013954,-0.043604,-0.090541
beardhair_singles_074,20.38388,-35.778,-8.848206,-0.028277,0.051834,-0.003197
beardhair_singles_075,18.6657,-32.71553,-11.17441,0.017175,0.002059,-0.070023
beardhair_singles_077,11.81729,-30.70778,-16.53867,-0.088629,-0.061663,0.040317
beardhair_singles_078,14.91566,-31.89003,-14.26001,0.076582,-0.021146,-0.006475
beardhair_singles_079,17.04382,-34.88139,-11.54788,-0.081115,-0.021583,-0.060133
beardhair_singles_081,11.65233,-28.29798,-17.85916,0.034259,-0.091333,0.006944
beardhair_singles_082,13.71733,-30.48442,-15.67389,0.093447,-0.045653,0.015549
beardhair_singles_083,15.12181,-31.05155,-14.50156,0.003462,-0.06128,0.075478
beardhair_singles_085,22.25468,-34.58892,-6.740204,-0.000164,0.029609,-0.007541
beardhair_singles_086,17.08177,-27.34751,-14.17853,-0.036036,0.099988,-0.010792
beardhair_singles_089,23.60588,-32.13856,-4.558655,-0.085705,-0.065597,-0.058084
beardhair_singles_090,24.55385,-31.17208,1.540878,-0.072072,-0.029561,-0.003224
beardhair_singles_091,9.181503,-27.23003,-19.51874,0.015126,-0.083137,-0.032484
beardhair_singles_092,11.41609,-30.1195,-17.11821,-0.096715,-0.003197,-0.073575
beardhair_singles_093,15.30458,-29.89044,-14.63107,0.087276,0.050669,-0.094666
beardhair_singles_094,2.96022,-23.33949,-22.70456,-0.00336,-0.045926,0.095111
beardhair_singles_095,7.639267,-33.30032,-15.73129,-0.03579,-0.089667,-0.034233
beardhair_singles_096,8.730606,-32.98948,-15.61043,0.035139,-0.042156,0.074977
beardhair_singles_097,15.78397,-32.33817,-12.9483,0.019616,0.019311,-0.039533
beardhair_singles_098,16.46904,-36.34345,-10.85036,0.020173,0.064376,0.034707
beardhair_singles_099,21.6389,-35.63072,-7.149933,0.019137,0.016335,0.009804
beardhair_singles_100,4.694031,-28.87755,-20.04504,-0.067455,0.072526,0.021218
beardhair_singles_101,8.136124,-30.25869,-18.33449,0.024812,-0.052866,0.086333
beardhair_singles_102,11.0136,-28.91155,-17.52026,0.060408,-0.044451,-0.03549
beardhair_singles_103,13.35234,-31.15365,-15.31702,0.086822,0.048054,0.094733
beardhair_singles_104,16.82582,-31.83755,-12.05641,0.096741,0.073639,-0.045926
beardhair_singles_105,19.49135,-35.56891,-9.20433,0.033197,0.018664,0.093175
beardhair_singles_106,3.984085,-25.70412,-21.61615,-0.075897,0.025382,0.022637
beardhair_singles_107,7.225098,-26.41049,-20.35977,0.053727,0.058457,-0.000437
beardhair_singles_108,7.018417,-28.96767,-19.14243,0.048122,-0.036282,0.056205
beardhair_singles_109,13.07921,-30.01425,-15.99048,0.044248,0.042051,-0.025845
beardhair_singles_110,13.44905,-31.43344,-15.15714,0.030927,-0.097836,-0.093683
beardhair_singles_111,4.949875,-28.09455,-20.35812,-0.093246,-0.09595,-0.097289
beardhair_singles_112,6.531143,-26.92179,-20.40341,-0.01142,0.048736,0.082165
beardhair_singles_113,10.1906,-31.16802,-16.82489,0.064454,-0.027184,0.095743
beardhair_singles_114,13.18129,-32.34723,-14.82776,0.024759,-0.001257,-0.074476
beardhair_singles_115,17.76414,-31.77213,-11.37219,0.024016,0.008172,-0.054177
beardhair_singles_116,2.850723,-25.2243,-22.05505,-0.045817,-0.026856,0.092485
beardhair_singles_117,7.98671,-27.28256,-19.62434,-0.025518,0.034072,-0.079394
beardhair_singles_118,10.04376,-29.75321,-17.7789,-0.002677,0.076815,0.059617
beardhair_singles_119,-3.632339,-24.93499,-22.24707,0.029345,0.092832,-0.011038
beardhair_singles_120,0.235535,-25.26007,-22.31882,0.076666,0.049641,0.012331
beardhair_singles_121,3.622116,-26.8406,-21.12888,0.069369,-0.048166,0.056555
beardhair_singles_122,5.689865,-29.02428,-19.58574,0.092444,0.065741,0.035256
beardhair_singles_123,-0.876999,-29.50298,-20.16623,-0.095869,-0.052592,-0.098163
beardhair_singles_124,2.237259,-31.23946,-18.33487,0.072851,0.077728,-0.016474
beardhair_singles_125,8.442978,-33.90038,-14.60785,-0.084448,-0.075433,-0.074531
beardhair_singles_126,12.34641,-34.2452,-13.35019,-0.039834,0.079274,-0.055297
beardhair_singles_127,14.87578,-36.18627,-11.02872,-0.049533,0.003382,0.034006
beardhair_singles_128,6.681076,-34.304,-14.75748,-0.019562,-0.055325,-0.02131
beardhair_singles_129,11.9395,-36.3465,-11.30934,0.068447,0.045251,0.045903
beardhair_singles_130,15.99568,-38.0172,-8.466003,0.02893,0.074143,0.022975
beardhair_singles_131,3.988571,-34.87552,-14.4577,0.098984,-0.016365,0.008125
beardhair_singles_132,3.829056,-36.4141,-12.24854,0.05902,0.002653,0.046252
beardhair_singles_133,8.951706,-36.24541,-11.81177,0.094199,-0.005,0.023111
beardhair_singles_134,2.307632,-33.77112,-15.74925,0.065163,0.094167,-0.097098
beardhair_singles_135,3.772018,-35.43603,-13.7493,-0.044314,-0.00489,0.080207
beardhair_singles_136,7.3806,-36.29839,-11.99933,0.075188,-0.084257,0.055006
beardhair_singles_137,-0.07515,-40.34975,-7.474609,0.039692,-0.073056,0.040208
beardhair_singles_138,1.297791,-40.56312,-6.288712,-0.011502,-0.056335,-0.03355
beardhair_singles_139,1.266891,-43.18607,-0.107849,0.080871,-0.066471,0.010239
beardhair_singles_140,3.486069,-40.70289,1.750946,0.090229,-0.029342,-0.092863
beardhair_singles_141,0.054962,-40.6405,7.225159,-0.005819,-0.040845,-0.055707
beardhair_singles_142,0.910355,-37.15544,12.12347,0.011706,0.033919,-0.088519
beardhair_singles_143,-2.304672,-43.89905,-8.18219,0.094507,-0.030982,0.087167
beardhair_singles_144,-0.912033,-42.32434,-3.06926,-0.030572,-0.055051,0.088222
beardhair_singles_145,-1.115158,-42.85782,0.218384,0.08657,-0.004945,-0.078766
beardhair_singles_146,-0.223923,-41.53025,4.957062,0.074016,0.046433,-0.047593
beardhair_singles_147,0.00975,-38.44722,10.93855,-0.098683,-0.018578,0.051918
beardhair_singles_148,4.010178,-40.60503,-2.610382,-0.06852,-0.073766,-0.076744
beardhair_singles_149,5.788635,-40.5448,-0.50061,-0.038112,0.090617,0.052862
beardhair_singles_150,4.065903,-40.05355,4.000946,0.036447,-0.043276,-0.026501
beardhair_singles_151,2.862915,-38.5651,8.122162,0.029628,-0.086197,-0.037785
beardhair_singles_152,2.315109,-37.47823,10.21814,-0.042894,-0.02355,0.007119
beardhair_singles_153,18.52647,-39.54632,2.253235,0.080978,0.086653,-0.049669
beardhair_singles_154,18.79146,-39.03453,3.300934,0.008082,0.062467,0.053885
beardhair_singles_155,15.45549,-38.91258,6.384399,-0.022294,-0.08688,-0.057018
beardhair_singles_156,19.9393,-38.85133,-2.581055,-0.024862,0.034817,-0.021501
beardhair_singles_157,19.31822,-39.50214,0.003845,0.08675,-0.074968,-0.042566
beardhair_singles_158,20.32713,-38.24078,2.613571,0.071918,-0.040435,0.08256
beardhair_singles_159,17.92958,-36.70604,9.125671,-0.038905,0.02687,0.065906
beardhair_singles_160,22.09169,-38.35923,3.074677,0.045166,-0.04691,-0.09412
beardhair_singles_161,20.65947,-33.36928,7.759872,-0.018769,-0.032211,-0.082399
beardhair_singles_162,19.97566,-32.92188,8.679688,-0.020928,-0.089858,0.082553
beardhair_singles_163,16.32924,-32.72252,12.07793,-0.044943,-0.07576,-0.097726
beardhair_singles_164,13.2701,-31.43878,15.10925,0.055642,0.057085,0.054483
beardhair_singles_165,21.94591,-36.43526,-5.603088,-0.043331,-0.062483,-0.001803
beardhair_singles_166,22.68446,-35.94696,-3.970306,0.080123,-0.053958,-0.037266
beardhair_singles_167,23.25121,-35.91267,2.576752,0.025559,0.010535,-0.007568
beardhair_singles_169,23.66362,-33.62238,-4.006165,-0.044369,-0.071881,-0.097317
beardhair_singles_170,23.96048,-32.74174,-1.92807,0.024958,-0.001803,-0.03385
beardhair_singles_171,23.64894,-35.424,3.94278,0.062265,-0.048358,-0.083929
beardhair_singles_172,15.91946,-27.11372,-15.35294,0.042726,0.003973,-0.024261
beardhair_singles_173,17.54955,-30.7657,-12.68102,0.039529,-0.001912,-0.023168
beardhair_singles_175,24.22487,-33.06603,-2.628357,0.088562,-0.005136,0.008497
beardhair_singles_176,23.87158,-31.21718,-0.640106,-0.038877,0.069558,-0.016638
beardhair_singles_179,23.84079,-30.60347,0.829956,-0.029506,-0.056964,0.025099
beardhair_singles_180,22.63216,-33.22531,5.633713,-0.096852,0.051963,-0.02672
beardhair_singles_182,23.32228,-29.90588,-3.026825,-0.002787,-0.028851,0.091366
beardhair_singles_183,23.9386,-30.58043,1.917267,0.015905,0.073449,0.000482
beardhair_singles_184,23.53464,-29.57444,2.757614,0.026096,0.093676,-0.070761
beardhair_singles_187,24.11455,-27.54536,2.029694,-0.009863,0.031511,-0.063876
beardhair_singles_190,22.49188,-30.00223,1.433411,0.033782,-0.016884,-0.048276
beardhair_singles_191,24.20576,-27.48135,-3.276276,0.036642,0.051077,0.048934
beardhair_singles_192,22.69872,-29.29737,0.735077,-0.096634,-0.075296,0.066886
beardhair_singles_193,23.50966,-29.00416,2.585922,-0.052729,0.03388,-0.040353
beardhair_singles_194,23.96263,-27.56052,-1.21225,-0.02672,-0.07158,-0.084995
beardhair_singles_195,24.62346,-26.30818,1.903976,0.052328,0.041826,0.02743
beardhair_singles_196,24.16734,-26.95849,-3.423126,-0.046664,0.020375,0.016618
beardhair_singles_197,24.66151,-26.27198,2.699646,-0.092481,0.098889,-0.015901
beardhair_singles_198,23.81445,-35.65842,4.095123,-0.041391,0.009636,0.032857
beardhair_singles_199,24.10698,-32.08147,-2.58316,-0.091361,-0.027785,0.063935
beardhair_singles_200,24.39674,-32.95884,0.14624,-0.084011,0.098912,0.045795
beardhair_singles_201,23.42506,-31.19687,3.385803,-0.080268,0.078725,-0.046445
beardhair_singles_202,24.58835,-32.14344,-1.870575,-0.06322,-0.050052,-0.065515
beardhair_singles_203,23.47137,-35.76663,5.389618,-0.015955,-0.066745,-0.01336
beardhair_singles_204,21.58446,-33.17426,7.625809,0.097079,0.005424,0.022694
beardhair_singles_205,22.83482,-37.34681,0.03302,0.043257,-0.016174,-0.095349
beardhair_singles_206,23.67998,-34.95848,2.772598,0.099674,-0.019316,0.085348
beardhair_singles_207,21.38618,-33.0005,8.307983,0.092934,-0.0568,-0.027375
beardhair_singles_208,18.39607,-34.53153,10.7356,-0.016474,0.048376,-0.004617
beardhair_singles_209,23.99182,-32.28475,3.03009,-0.07311,0.098649,0.055043
beardhair_singles_211,21.47652,-33.8222,7.42012,0.072539,-0.08117,0.047158
beardhair_singles_212,20.45757,-37.23289,7.927277,-0.055215,0.039871,-0.00683
beardhair_singles_213,-3.41713,-21.63453,-23.73854,-0.008797,-0.051909,-0.018851
beardhair_singles_214,22.97517,-36.97024,4.449951,-0.009699,0.06119,0.05999
beardhair_singles_215,19.76534,-34.7538,9.518463,0.094515,-0.046336,0.032713
beardhair_singles_216,16.09618,-33.47931,12.59238,0.027767,0.04576,-0.026009
beardhair_singles_217,22.60542,-36.2972,5.289642,-0.061062,-0.033932,0.010215
beardhair_singles_218,19.64478,-34.52524,9.870697,0.027064,-0.000191,-0.093765
beardhair_singles_219,14.97047,-34.58205,12.29877,-0.065406,0.061085,-0.050571
beardhair_singles_220,23.43932,-36.49829,0.885086,0.08573,0.050055,0.089809
beardhair_singles_221,12.31633,-18.85215,-19.93378,-0.057538,0.084101,-0.032457
beardhair_singles_222,16.60378,-20.6935,-17.15054,-0.052128,-0.078629,0.011718
beardhair_singles_224,5.30159,-14.40616,-23.60382,-0.013032,0.064425,0.025312
beardhair_singles_225,8.284225,-18.26403,-21.91083,0.057418,-0.048795,-0.088574
beardhair_singles_226,12.21117,-18.85983,-20.04221,-0.077973,0.001432,0.076339
beardhair_singles_227,-1.49855,-10.48649,-25.89847,0.082786,0.04415,-0.000219
beardhair_singles_228,1.48262,-14.02192,-24.7229,0.089213,0.060509,0.01104
beardhair_singles_229,7.794418,-14.35664,-22.74164,0.04642,-0.096224,0.024397
beardhair_singles_230,8.536697,-15.44809,-22.16541,0.017308,0.019335,-0.03273
beardhair_singles_231,-2.011826,-9.125236,-26.08607,-0.038795,0.069505,-0.083082
beardhair_singles_232,-1.508041,-11.58453,-25.6431,-0.092371,0.029676,0.052053
beardhair_singles_233,-5.877609,-7.309512,-26.72327,-0.009207,0.013314,0.037793
beardhair_singles_234,-4.027695,-9.785727,-26.3027,-0.096251,-0.018633,-0.02325
beardhair_singles_235,-6.085861,-7.876273,-26.73425,-0.011775,0.085999,-0.037539
beardhair_singles_236,2.77597,-10.60279,-25.07184,0.032753,-0.051445,0.024246
beardhair_singles_237,3.302658,-14.26121,-24.28421,0.000988,-0.076908,0.002163
beardhair_singles_238,-8.569748,-23.60784,-22.83023,-0.096497,-0.06169,0.018532
beardhair_singles_239,-6.201859,-28.18602,-20.10712,-0.063521,0.099608,0.099246
beardhair_singles_240,-0.38446,-29.43737,-19.53683,0.029414,0.024305,0.027115
beardhair_singles_241,-0.242355,-31.17313,-18.32169,0.034993,0.036334,-0.044943
beardhair_singles_242,21.1003,-36.34989,7.810806,0.085394,-0.093574,0.07186
beardhair_singles_243,18.19841,-35.01323,10.6326,0.071543,0.083904,0.01382
beardhair_singles_246,23.58751,-35.39184,4.716461,-0.015272,-0.030872,0.02807
beardhair_singles_247,20.6454,-32.06976,8.847809,0.079197,0.017699,0.013081
beardhair_singles_248,19.43214,-30.19435,11.24106,0.04694,-0.01213,0.030329
beardhair_singles_249,13.88153,-39.89576,-2.026718,0.030605,-0.05609,-0.004972
beardhair_singles_250,15.6418,-39.80506,2.936661,-0.002076,-0.06628,-0.04833
beardhair_singles_251,13.90311,-38.43365,8.581558,-0.096032,-0.082044,-0.070761
beardhair_singles_252,20.07167,-38.56533,-3.337585,-0.027157,0.021867,-0.045025
beardhair_singles_253,18.8418,-39.39804,0.175766,0.072149,0.087299,-0.000246
beardhair_singles_254,16.2498,-40.09261,3.784515,-0.04426,0.01848,0.007501
beardhair_singles_255,16.45941,-37.27499,9.554443,-0.037457,-0.034725,-0.065788
beardhair_singles_256,15.21452,-39.59744,-4.140762,0.063263,0.035672,0.075384
beardhair_singles_257,17.689,-39.67017,-1.543121,0.016146,-0.003033,0.074382
beardhair_singles_258,16.05315,-40.0779,1.732315,0.036999,-0.018797,-0.049423
beardhair_singles_259,17.07671,-38.29191,6.616791,-0.097945,-0.032785,-0.019698
beardhair_singles_260,14.25359,-36.56738,10.40948,-0.074258,0.063701,-0.017267
beardhair_singles_261,13.25871,-33.45827,13.64536,0.093137,0.098227,0.001077
beardhair_singles_262,14.26323,-39.73944,-4.026321,0.090429,0.060002,0.067722
beardhair_singles_263,14.44725,-39.81434,1.457336,0.05535,-0.033003,0.007041
beardhair_singles_264,13.09981,-39.09309,4.827209,0.024665,0.00389,-0.041855
beardhair_singles_265,11.95996,-36.47201,11.13553,0.021062,-0.085022,-0.062756
beardhair_singles_266,9.675156,-35.24204,13.07401,-0.070897,-0.069777,-0.015873
beardhair_singles_267,10.40807,-40.13345,-0.601059,-0.017431,0.097631,-0.053139
beardhair_singles_268,11.21584,-39.24291,1.599197,-0.01825,0.079866,0.080599
beardhair_singles_269,10.75621,-38.32852,6.80954,-0.071416,0.008062,-0.082837
beardhair_singles_270,10.34401,-37.02991,9.470322,0.085483,-0.085896,0.083322
beardhair_singles_271,5.833832,-36.6924,-11.53198,0.030862,0.0781,0.089831
beardhair_singles_272,8.755814,-39.16523,-6.983673,0.02157,-0.022266,0.057714
beardhair_singles_273,8.878738,-39.44882,-5.62326,0.043617,0.089944,-0.015491
beardhair_singles_274,9.403961,-40.01743,-1.137451,0.07084,0.061843,0.034772
beardhair_singles_275,6.471985,-39.89597,4.037476,-0.018551,0.09495,-0.073875
beardhair_singles_276,6.583694,-38.86002,7.446121,-0.044287,0.026271,0.023367
beardhair_singles_277,7.079117,-37.0728,10.59642,-0.034096,0.00923,0.024464
beardhair_singles_278,5.811356,-40.01614,-4.122742,0.082575,0.023037,0.02252
beardhair_singles_279,5.80748,-40.59845,-2.187241,-0.047675,-0.086798,0.084958
beardhair_singles_280,4.429413,-40.38847,3.540588,-0.000656,0.089103,0.045893
beardhair_singles_281,2.691727,-39.57499,6.565491,0.042206,-0.001093,0.064145
beardhair_singles_282,2.777908,-37.07556,11.23134,0.003454,-0.073028,-0.031173
beardhair_singles_283,-0.469833,-35.48173,13.91483,0.025809,-0.039724,0.088737
beardhair_singles_284,2.303574,-32.74075,-16.74333,0.013977,-0.0621,-0.009453
beardhair_singles_285,-2.938675,-25.53013,-22.23474,0.063165,0.081925,-0.089803
beardhair_singles_286,2.572189,-29.30509,-20.17769,0.036341,-0.009234,-0.053631
beardhair_singles_287,6.698196,-29.81629,-18.7924,-0.030845,0.026838,-0.05874
beardhair_singles_288,9.451126,-31.68358,-16.68321,0.070077,-0.024917,0.080068
beardhair_singles_289,-5.453979,-22.97645,-22.94089,0.000197,0.028117,0.09224
beardhair_singles_290,-0.842636,-26.33294,-21.72649,0.018234,0.073816,0.073132
beardhair_singles_291,-0.087967,-29.07223,-19.99478,-0.082454,-0.072018,0.068569
beardhair_singles_292,5.40361,-30.68236,-18.44081,-0.076498,0.074927,-0.003087
beardhair_singles_293,6.610672,-30.85972,-18.04947,0.001506,-0.044178,-0.019125
beardhair_singles_294,-2.262329,-17.20853,-24.87711,-0.042648,0.097755,0.083035
beardhair_singles_295,-0.040024,-19.32159,-23.6575,-0.01213,-0.031036,0.03137
beardhair_singles_296,4.72467,-21.22749,-22.11986,0.099181,0.011687,0.071227
beardhair_singles_297,7.091476,-24.95119,-20.78487,-0.034206,-0.027649,0.049117
beardhair_singles_298,8.113754,-26.51192,-19.785,0.037018,-0.049888,0.066909
beardhair_singles_299,-1.638168,-16.61385,-24.73073,0.091929,-0.041282,-0.0724
beardhair_singles_300,2.885193,-15.97321,-23.55977,-0.023878,0.043758,-0.002076
beardhair_singles_301,3.689865,-18.63448,-22.99072,-0.087618,-0.053194,-0.054095
beardhair_singles_302,7.183395,-21.55039,-21.5755,0.030082,-0.009098,-0.023113
beardhair_singles_303,10.25467,-22.40313,-20.11612,-0.081662,0.015378,-0.095923
beardhair_singles_304,-4.031433,-23.76509,-22.82739,-0.032785,-0.077728,0.026912
beardhair_singles_305,0.449371,-25.99277,-22.43246,0.066812,0.009078,-0.04956
beardhair_singles_306,2.813904,-25.36822,-22.04948,-0.032348,-0.019425,-0.011666
beardhair_singles_307,9.136597,-27.51513,-19.30261,-0.048822,-0.092727,0.09578
beardhair_singles_308,11.5833,-28.11045,-17.85719,-0.012185,0.093182,0.070166
beardhair_singles_309,-3.398331,-29.1619,-20.18239,0.080018,0.068719,0.076184
beardhair_singles_310,-2.511826,-29.9545,-19.24118,0.00587,-0.051718,-0.087126
beardhair_singles_311,0.426865,-31.59941,-18.01567,0.094834,-0.026829,0.011677
beardhair_singles_312,5.69664,-32.18618,-17.03296,-0.09341,-0.038686,0.069193
beardhair_singles_313,8.965164,-33.9512,-14.70096,-0.099366,-0.052374,-0.006748
beardhair_singles_314,13.0569,-36.6272,-10.8157,-0.065542,0.019136,-0.043631
beardhair_singles_315,1.108917,-33.72732,-16.28003,-0.026884,-0.034315,0.085802
beardhair_singles_316,4.141922,-34.60623,-14.54218,-0.027184,-0.014562,0.066931
beardhair_singles_317,7.817886,-38.10563,-9.070023,-0.081389,0.019978,0.03774
beardhair_singles_318,9.883453,-37.15323,-10.19623,0.070898,-0.080924,0.015633
beardhair_singles_319,-2.049179,-34.41196,-16.21713,0.072095,0.061293,0.012264
beardhair_singles_320,-2.182129,-36.18202,-13.60551,-0.086743,0.072832,-0.072373
beardhair_singles_321,1.192276,-38.25327,-9.988235,0.098997,-0.046527,0.077156
beardhair_singles_322,2.263748,-38.62515,-9.279953,-0.016256,-0.023605,0.007411
beardhair_singles_323,8.082886,-39.25257,-6.951401,-0.0053,-0.018879,-0.016966
beardhair_singles_324,3.889984,-32.7967,-16.74167,0.092949,0.042286,-0.051418
beardhair_singles_325,7.365234,-35.37664,-12.01492,-0.075159,0.045414,-0.099748
beardhair_singles_326,23.60493,-34.06767,-3.100372,-0.010846,-0.061636,0.023727
beardhair_singles_327,22.95987,-36.76052,2.131012,-0.003579,0.065874,0.047137
beardhair_singles_328,23.60286,-34.98469,-1.992218,0.033383,0.024122,-0.092727
beardhair_singles_329,23.80162,-34.15405,1.70932,0.067767,-0.052538,-0.099639
beardhair_singles_330,22.81645,-31.37598,-4.891434,0.064158,0.021902,0.007001
beardhair_singles_331,23.36993,-32.19006,-0.935623,0.070594,0.048863,-0.089749
beardhair_singles_332,23.60777,-34.35896,3.757462,0.081747,-0.033823,-0.011966
beardhair_singles_333,22.33247,-37.15894,1.297409,0.005053,0.072926,-0.079285
beardhair_singles_334,20.76494,-38.37,3.806351,-0.079585,-0.083028,-0.061089
beardhair_singles_335,15.4108,-38.42195,7.438934,-0.048166,-0.029179,-0.006885
beardhair_singles_336,15.57779,-36.47501,10.38159,-0.074804,-0.085733,-0.068466
beardhair_singles_337,17.96841,-38.4475,-6.128387,-0.098109,0.080008,0.030745
beardhair_singles_338,18.18324,-40.29572,-2.233292,0.082305,-0.038522,0.036618
beardhair_singles_339,22.43803,-36.13237,-3.04657,-0.093136,-0.019698,0.067667
beardhair_singles_340,22.34386,-37.45108,0.02301,-0.056253,0.036221,0.051271
beardhair_singles_341,19.93379,-34.62761,-8.719147,-0.022266,-0.074777,-0.098054
beardhair_singles_342,19.81932,-38.19098,-5.071014,-0.086853,0.006348,-0.049724
beardhair_singles_343,18.3743,-39.78818,-2.871017,0.081049,0.063244,0.089869
beardhair_singles_344,17.58189,-39.30037,-4.140076,0.095581,0.05776,0.060339
beardhair_singles_345,13.18358,-40.11047,-1.660553,0.075217,0.08026,-0.047975
beardhair_singles_346,11.2993,-39.80154,3.333023,0.033113,-0.010355,0.055334
beardhair_singles_347,10.12907,-36.89974,-9.485809,0.069504,0.045836,-0.052456
beardhair_singles_348,11.99864,-37.1139,-9.363647,-0.071362,0.079435,-0.04721
beardhair_singles_349,15.10149,-39.19775,-4.667816,0.050766,0.006489,-0.073739
beardhair_singles_350,10.55943,-34.38624,-13.96359,0.072641,-0.061636,0.033568
beardhair_singles_351,12.967,-37.58511,-9.76033,0.081689,-0.086115,-0.057701
beardhair_singles_352,15.40004,-37.86341,-8.562225,0.011878,0.04309,0.082877
beardhair_singles_353,6.505463,-33.43807,-15.75174,-0.094721,0.080413,0.084747
beardhair_singles_354,11.66368,-34.56247,-13.51251,0.005339,0.016836,0.036557
beardhair_singles_355,13.00267,-37.30492,-10.13643,-0.031993,-0.007049,-0.075815
beardhair_singles_356,16.32957,-38.01373,-6.164001,-0.019452,0.016706,0.08607
beardhair_singles_357,19.55081,-37.70811,-3.082626,0.073825,0.06421,0.064062
beardhair_singles_358,22.36827,-37.38968,-0.445358,0.003756,-0.059805,0.025297
beardhair_singles_359,21.19954,-35.72139,-7.853485,0.077315,0.032669,0.09785
beardhair_singles_360,22.05133,-36.7278,-5.033768,0.088552,-0.033659,-0.014261
beardhair_singles_361,21.10713,-33.58468,-8.191101,-0.00683,-0.085131,-0.017485
beardhair_singles_362,22.43559,-36.69103,-4.315887,0.06203,-0.028086,-0.020245
beardhair_singles_363,22.10454,-36.593,-4.626953,0.014017,-0.060871,0.018799
beardhair_singles_364,23.26035,-36.69156,0.832397,0.062235,-0.016037,-0.070979
beardhair_singles_365,22.50325,-36.76857,3.787415,-0.034315,0.025786,0.05736
beardhair_singles_366,20.94012,-34.01872,-8.13501,-0.070925,0.024124,-0.027976
beardhair_singles_367,21.82135,-34.70514,-6.78064,0.063536,-0.000929,-0.001147
beardhair_singles_369,10.56766,-39.8437,-0.574768,-0.051062,0.039787,0.095784
beardhair_singles_370,9.903244,-40.0237,0.994751,0.038478,0.094481,-0.097043
beardhair_singles_371,10.67494,-39.81481,-1.997681,-0.004016,0.079345,-0.002896
beardhair_singles_372,8.167816,-40.5356,-3.474716,-0.045107,-0.06027,0.039204
beardhair_singles_373,8.911728,-30.22472,-17.86163,-0.045708,0.028192,0.024446
beardhair_singles_374,13.00883,-30.54454,-15.31689,-0.08341,-0.089694,-0.021556
beardhair_singles_375,15.40968,-31.91516,-13.22757,0.081739,0.052451,-0.045407
beardhair_singles_376,18.78816,-32.66892,-10.7084,-0.070897,0.0677,-0.090077
beardhair_singles_377,19.62685,-36.49048,-5.895935,-0.038058,-0.024534,0.098186
beardhair_singles_378,21.75185,-36.37771,-2.960709,0.028952,0.055746,-0.046117
beardhair_singles_379,22.5338,-36.0646,1.615967,-0.039724,-0.088328,0.075388
beardhair_singles_380,16.02992,-26.88464,-15.12256,-0.017731,0.031147,0.094806
beardhair_singles_381,18.96396,-28.97344,-11.76697,-0.070597,-0.021338,0.035602
beardhair_singles_382,12.94171,-20.9913,-19.19733,-0.034397,0.015235,0.063423
beardhair_singles_383,14.45439,-23.43587,-17.20392,-0.026446,-0.022731,-0.012759
beardhair_singles_384,9.200974,-20.2313,-21.15004,0.051982,0.048648,0.020185
beardhair_singles_385,5.194962,-19.44959,-22.79691,0.053797,-0.056171,-0.070651
beardhair_singles_386,7.577316,-20.15026,-21.73209,0.005492,0.085048,0.014378
beardhair_singles_387,-3.565887,-23.94733,-23.29578,-0.026392,0.016753,-0.087536
beardhair_singles_388,2.664551,-24.32408,-22.0856,0.015759,-0.05139,0.086385
beardhair_singles_389,6.40065,-29.60358,-19.02429,-0.098546,0.092865,0.07655
beardhair_singles_391,-1.092957,-24.40515,-22.80835,-0.047101,-0.021829,-0.079121
beardhair_singles_392,0.224564,-26.93719,-21.37369,-0.062182,0.055316,-0.008005
beardhair_singles_393,3.474228,-29.84319,-19.13477,0.070496,0.063055,-0.07923
beardhair_singles_394,7.901352,-31.64955,-17.00381,-0.005273,-0.092754,-0.055133
beardhair_singles_395,9.542191,-33.13617,-14.9131,0.001934,-0.082126,0.030883
beardhair_singles_396,-0.886246,-31.6371,-17.90634,-0.099092,-0.079804,0.029225
beardhair_singles_397,1.26973,-30.87728,-18.49261,-0.038604,-0.080733,-0.029069
beardhair_singles_398,4.480774,-33.91368,-15.25714,0.049964,0.077731,-0.082317
beardhair_singles_399,7.443375,-35.41177,-13.08087,0.047185,-0.086443,-0.08464
beardhair_singles_400,6.692322,-37.65411,-9.960495,-0.052592,0.037879,0.047712
beardhair_singles_401,5.560333,-33.99381,-13.72455,0.02937,-0.026474,0.057023
beardhair_singles_402,5.085602,-34.08781,-13.79109,-0.039315,-0.071334,-0.037457
beardhair_singles_403,0.334641,-31.85938,-17.45705,-0.040107,0.012996,0.088285
beardhair_singles_404,4.519699,-39.79337,-6.020386,-0.091333,-0.097344,-0.043877
beardhair_singles_405,-0.933121,-34.68147,-15.42929,-0.054614,-0.069914,0.001551
beardhair_singles_406,0.943222,-35.25405,-14.32916,-0.080951,0.085647,0.066204
beardhair_singles_407,0.729111,-37.59563,-10.54248,0.047953,0.024328,-0.073848
beardhair_singles_408,9.434189,-37.71247,-9.177185,-0.092344,-0.064422,-0.085569
beardhair_singles_409,11.95174,-39.30614,-5.401703,-0.099147,0.089628,-0.044041
beardhair_singles_410,17.30357,-39.09718,-5.23848,-0.029889,0.055224,-0.019644
beardhair_singles_411,17.77568,-32.45429,-11.90704,0.018639,-0.098245,0.05602
beardhair_singles_412,19.54681,-36.16275,-9.071579,-0.004399,-0.047811,0.095009
beardhair_singles_414,23.50566,-32.02694,-4.286133,-0.077482,0.07079,-0.057811
beardhair_singles_415,-10.14088,-13.90111,-25.18369,-0.008142,0.085586,-0.078438
beardhair_singles_416,-7.6707,-18.32022,-24.20671,0.062914,0.088747,0.08061
beardhair_singles_417,-4.63356,-21.49275,-23.76129,0.024363,-0.041801,0.032478
beardhair_singles_418,0.167938,-24.95416,-22.71338,0.080777,-0.051664,0.028486
beardhair_singles_419,-1.540359,-17.6297,-24.60788,-0.004399,-0.02325,-0.030681
beardhair_singles_420,0.34819,-18.51357,-24.23737,-0.020108,0.012255,0.009163
beardhair_singles_421,4.503586,-18.6954,-23.04752,-0.002131,0.091531,0.055822
beardhair_singles_422,6.295151,-18.13824,-22.67468,0.059971,-0.04803,0.05762
beardhair_singles_423,-1.433243,-23.82017,-22.85089,-0.060352,0.009192,0.005901
beardhair_singles_424,0.301315,-25.9275,-21.85309,-0.039697,0.022037,0.06302
beardhair_singles_425,3.737473,-25.74808,-21.24644,0.046783,0.029602,-0.003197
beardhair_singles_426,-3.130142,-28.55803,-20.27789,0.059716,-0.030517,-0.053112
beardhair_singles_427,-0.529053,-30.93823,-18.1292,-0.049341,0.059473,-0.058357
beardhair_singles_428,2.792313,-31.08104,-18.01749,-0.052319,-0.031474,0.024523
beardhair_singles_429,0.701843,-32.49471,-17.31921,0.069774,0.080601,0.068289
beardhair_singles_430,3.405197,-34.72234,-14.66675,0.095722,-0.002104,0.078166
beardhair_singles_431,5.69014,-37.76634,-10.16238,-0.053931,0.071871,0.06964
beardhair_singles_432,-2.401962,-23.24451,-23.56238,-0.003825,-0.08688,-0.001967
beardhair_singles_433,4.091019,-25.55337,-21.7374,-0.014453,0.077527,-0.093874
beardhair_singles_434,6.788345,-27.03524,-20.19699,0.069013,-0.013688,-0.002951
beardhair_singles_435,6.979721,-29.76326,-18.62546,-0.048631,-0.045489,0.093505
beardhair_singles_436,-2.042236,-18.18912,-24.71741,-0.056745,-0.035189,-0.048276
beardhair_singles_437,0.891983,-19.94989,-23.91751,0.039055,0.093685,0.068658
beardhair_singles_438,4.61824,-21.2688,-22.6673,0.072249,0.014562,-0.060379
beardhair_singles_439,6.079147,-24.42403,-21.30957,-0.093656,0.068889,0.071808
beardhair_singles_440,8.331589,-21.43007,-21.33942,0.016847,-0.063603,-0.090732
beardhair_singles_441,10.40941,-23.13674,-19.91577,-0.094311,0.098424,-0.012841
beardhair_singles_442,11.0674,-24.97331,-19.01698,-0.098082,0.050855,0.005847
beardhair_singles_443,14.68527,-26.53855,-16.19069,0.053212,-0.018469,0.023168
beardhair_singles_444,15.94337,-28.69495,-14.83328,0.094816,0.014753,-0.040626
beardhair_singles_446,10.91298,-28.82478,-17.7403,0.037472,-0.02814,0.061414
beardhair_singles_447,13.54936,-32.97712,-14.19786,0.045084,0.032684,0.09806
beardhair_singles_448,-0.142593,-25.09199,-22.68347,-0.098464,0.046465,0.035588
beardhair_singles_449,3.094055,-27.45833,-20.36032,0.036176,-0.06169,-0.047019
beardhair_singles_450,7.92691,-29.18916,-18.02966,-0.005437,-0.002677,0.093824
beardhair_singles_451,8.67128,-30.4221,-17.01926,-0.090377,-0.085569,0.043522
beardhair_singles_452,13.33432,-32.47378,-14.51324,0.062633,0.087334,0.023862
beardhair_singles_453,3.382217,-30.78391,-18.48038,0.002428,0.075657,0.055968
beardhair_singles_454,7.896927,-31.67715,-16.44064,0.006223,0.050303,-0.044014
beardhair_singles_455,10.19513,-33.54766,-14.21262,-0.033577,0.025588,0.019691
beardhair_singles_456,11.01881,-35.39802,-12.29321,-0.05221,-0.052128,-0.021228
beardhair_singles_457,14.08382,-29.86126,-15.38943,-0.012103,0.099252,0.026592
beardhair_singles_458,14.75319,-33.21429,-13.33669,-0.095213,0.002647,0.081503
beardhair_singles_459,17.7357,-35.81754,-10.11359,-0.027539,-0.016857,-0.099038
beardhair_singles_460,21.36909,-36.83214,-6.57251,0.023903,-0.020573,0.051787
beardhair_singles_461,19.55162,-31.84018,-10.46898,0.077859,0.047639,-0.01377
beardhair_singles_462,21.92445,-35.11149,-6.769653,0.076424,-0.039315,0.078528
beardhair_singles_463,15.39827,-31.30799,-14.13934,-0.056335,-0.097754,0.045695
beardhair_singles_464,18.75,-35.27302,-10.14651,0.020383,0.034486,-0.080815
beardhair_singles_465,21.63911,-35.10884,-6.668335,0.053023,0.070173,-0.047675
beardhair_singles_466,17.92732,-30.93452,-12.68317,-0.027649,0.056107,0.056233
beardhair_singles_468,24.01872,-33.84647,-3.201355,0.045894,-0.051691,-0.057893
beardhair_singles_471,23.56487,-30.75322,-3.734406,-0.019234,0.034628,-0.030927
beardhair_singles_472,19.12209,-32.54676,-10.75635,0.059412,0.047893,-0.097945
beardhair_singles_473,21.06886,-34.61406,-8.369598,0.024574,0.008425,-0.0415
beardhair_singles_474,9.719864,-32.38645,-16.13806,0.073143,-0.024835,0.032076
beardhair_singles_475,14.97012,-32.18015,-13.54401,-0.046828,0.081971,-0.044724
beardhair_singles_476,14.60414,-34.89777,-12.13774,-0.037894,-0.015682,0.035744
beardhair_singles_477,19.65694,-35.78192,-8.812286,-0.090596,-0.022512,0.098927
beardhair_singles_478,8.823318,-33.34813,-14.99973,0.081652,0.091957,-0.068766
beardhair_singles_479,9.166458,-36.53971,-10.48694,0.013167,-0.017321,0.061766
beardhair_singles_480,10.55121,-37.23471,-9.46431,-0.098218,-0.040107,0.008583
beardhair_singles_481,1.216507,-28.18245,-20.69363,0.003029,-0.074859,-0.009426
beardhair_singles_482,3.896194,-30.21525,-18.60864,0.048539,-0.096497,-0.03549
beardhair_singles_483,7.044632,-31.9843,-16.5209,0.012676,-0.048713,0.021421
beardhair_singles_484,7.374115,-35.41441,-13.08409,0.072655,-0.056062,-0.000601
beardhair_singles_485,-1.661026,-29.57453,-19.76413,-0.027621,0.004548,0.064596
beardhair_singles_486,3.113098,-31.56126,-17.51389,-0.07617,0.067249,0.035361
beardhair_singles_487,4.342514,-35.54914,-12.74544,-0.051008,-0.035244,0.032759
beardhair_singles_488,8.127563,-35.76754,-12.38344,0.040841,0.057627,-0.014589
beardhair_singles_489,1.280167,-35.31889,-14.2901,-0.054532,-0.004043,-0.028851
beardhair_singles_490,3.414536,-36.26227,-12.22719,-0.055379,-0.089148,-0.051855
beardhair_singles_491,7.339279,-37.38791,-10.24356,-0.052702,-0.065187,-0.08147
beardhair_singles_492,9.348846,-37.88002,-9.189606,0.021449,-0.01795,0.09142
beardhair_singles_493,12.33073,-36.40568,-11.21742,0.004792,-0.092208,0.056564
beardhair_singles_494,14.79552,-37.79866,-8.383377,-0.020026,-0.045981,0.001522
beardhair_singles_495,14.7083,-32.33277,-13.98746,-0.049259,-0.032758,0.069798
beardhair_singles_496,16.81157,-33.12917,-12.15237,0.033605,-0.095213,-0.017431
beardhair_singles_497,21.54417,-35.99242,-7.614136,0.047359,-0.038249,-0.089721
beardhair_singles_498,17.37852,-30.86789,-12.92838,-0.024288,0.07837,-0.027485
beardhair_singles_499,20.60637,-32.80699,-9.024872,-0.088437,0.077441,0.019419
beardhair_singles_500,21.87553,-36.05767,-6.801254,-0.048112,0.099087,-0.030954
beardhair_singles_502,22.34914,-32.11287,-5.325378,-0.044587,0.080404,-0.024315
beardhair_singles_503,23.00041,-32.82653,-3.975479,0.06719,-0.010819,-0.090814
beardhair_singles_504,21.44878,-32.41419,-7.119705,-0.022704,0.030117,-0.011557
beardhair_singles_505,23.28244,-33.1057,-2.056732,-0.027048,-0.070979,-0.008278
beardhair_singles_506,24.17015,-34.8209,1.061798,-0.078574,0.096635,-0.081798
beardhair_singles_507,22.68054,-34.36176,-6.269775,0.029457,-0.087372,0.051328
beardhair_singles_508,-1.307388,-24.09616,-23.01077,0.065407,0.072695,0.049364
beardhair_singles_509,6.718582,-28.38875,-19.59299,-0.083711,-0.025299,-0.042702
beardhair_singles_510,9.618698,-28.39241,-18.39893,0.071101,0.003002,-0.055406
beardhair_singles_511,3.025482,-25.49954,-21.87894,0.033191,-0.027731,0.097517
beardhair_singles_512,-0.212021,-24.90124,-22.81613,-0.079367,0.030654,0.049997
beardhair_singles_513,3.888077,-17.14898,-23.64255,0.077536,0.071128,-0.007896
beardhair_singles_514,8.636566,-16.41888,-22.08005,0.02816,0.060257,-0.032812
beardhair_singles_515,10.45132,-17.96114,-20.98534,-0.02478,-0.011338,-0.062646
beardhair_singles_516,13.85693,-23.51735,-18.28943,0.04826,-0.066226,-0.058494
beardhair_singles_517,17.01871,-23.1439,-16.0997,0.053357,-0.045571,0.082559
beardhair_singles_518,13.90175,-23.24128,-17.85275,-0.035216,0.083546,0.006852
beardhair_singles_519,15.77245,-24.69674,-15.86455,-0.047538,-0.054232,0.067822
beardhair_singles_520,5.987473,-25.37022,-21.21149,0.017494,0.04202,0.054557
beardhair_singles_521,7.368683,-27.23425,-20.04987,0.0566,-0.090705,0.071848
beardhair_singles_522,12.57199,-26.72162,-17.76865,-0.018824,-0.074886,-0.071799
beardhair_singles_523,13.83592,-30.87163,-15.21457,-0.052183,0.067878,0.012235
beardhair_singles_524,-3.102402,-25.37185,-22.0697,-0.071635,0.039699,-0.032676
beardhair_singles_525,-0.760239,-26.53927,-21.91971,-0.059641,-0.088629,0.08109
beardhair_singles_526,3.141037,-28.42299,-20.50955,-0.041555,0.072156,-0.098765
beardhair_singles_527,9.120163,-28.17395,-18.9201,0.097257,-0.049232,-0.039205
beardhair_singles_528,8.970871,-31.81129,-16.873,-0.063821,0.066841,-0.091087
beardhair_singles_529,12.46286,-32.20171,-14.88127,0.04984,0.058276,-0.07617
beardhair_singles_530,-1.332016,-22.68454,-23.25137,-0.072154,-0.021119,0.082645
beardhair_singles_531,0.5457,-24.37812,-22.27609,0.006065,0.091089,-0.048686
beardhair_singles_532,2.351028,-27.77345,-20.14433,0.026988,-0.043659,-0.057865
beardhair_singles_533,3.77388,-32.47495,-16.46434,-0.079394,-0.016966,-0.017267
beardhair_singles_534,-4.608688,-29.33114,-20.01633,-0.098901,0.050956,-0.089038
beardhair_singles_535,0.069229,-30.29825,-18.8398,0.083828,0.057307,0.008926
beardhair_singles_536,1.971176,-34.69768,-14.27948,-0.061827,-0.054204,0.069497
beardhair_singles_537,-2.644211,-32.13161,-17.78407,-0.057756,0.043683,-0.083055
beardhair_singles_538,1.181961,-34.15488,-15.31529,0.004595,-0.098191,-0.090978
beardhair_singles_539,2.444992,-35.62822,-13.66298,-0.033659,0.046424,-0.036473
beardhair_singles_540,-1.702164,-39.38506,-11.17958,0.017576,0.032614,-0.094421
beardhair_singles_541,-1.512436,-40.82294,-8.261932,0.005737,-0.017103,0.069416
beardhair_singles_542,-4.777176,-41.38192,-11.69449,0.061803,-0.001066,-0.012212
beardhair_singles_543,-2.847702,-42.52017,-8.666473,-0.006612,0.06984,-0.0362
beardhair_singles_544,-1.425522,-39.01476,-11.07323,-0.084995,0.041261,0.060467
beardhair_singles_545,-0.615311,-40.94116,-7.815689,0.053904,0.051136,-0.057865
beardhair_singles_546,0.110779,-42.01186,-5.291107,0.067504,-0.080897,-0.055243
beardhair_singles_547,1.98912,-42.41464,-0.368423,0.011224,-0.087672,0.006244
beardhair_singles_548,1.15033,-41.50414,5.132446,-0.099967,-0.02855,0.077023
beardhair_singles_549,3.783386,-39.46227,7.251389,-0.046964,0.087288,0.008827
beardhair_singles_550,3.395859,-40.57703,4.331406,0.097511,-0.068275,-0.048604
beardhair_singles_551,0.707748,-42.84149,-1.113342,0.068279,-0.092235,0.098473
beardhair_singles_552,-0.649567,-43.56787,-4.236847,0.099758,0.095796,0.06655
beardhair_singles_553,-6.001022,-44.80994,-12.19086,0.004931,-0.049478,0.033404
beardhair_singles_554,-3.472198,-44.52598,-8.858704,0.09771,-0.071854,-0.077181
beardhair_singles_555,-1.067001,-45.18514,-4.940353,0.073091,0.075507,-0.024971
beardhair_singles_556,0.01442,-46.12077,-0.824707,0.049958,-0.024042,0.086045
beardhair_singles_557,-1.313919,-46.05019,1.246475,-0.082154,-0.003033,-0.037074
beardhair_singles_558,-0.855011,-41.81847,7.582825,0.096143,0.016571,-0.036473
beardhair_singles_559,-1.685989,-37.85004,11.5083,-0.016966,0.060885,-0.01519
beardhair_singles_560,-4.796661,-37.40965,14.8412,0.05401,0.065846,0.001077
beardhair_singles_561,-1.627457,-46.20203,4.899918,-0.044779,-0.004836,-0.035927
beardhair_singles_562,-3.121109,-40.7788,10.35605,0.081895,0.000877,-0.016529
beardhair_singles_563,-5.379013,-40.5013,13.265,-0.007322,0.023936,0.068611
beardhair_singles_564,-5.384659,-38.84285,14.32294,-0.057237,0.070582,0.077955
beardhair_singles_565,-3.409103,-42.49253,9.461395,0.080865,-0.026119,0.071621
beardhair_singles_566,-3.678543,-41.63598,10.36157,0.094515,0.062051,0.077189
beardhair_singles_567,-6.804855,-41.48291,15.64742,0.090487,-0.080186,0.045807
beardhair_singles_568,-7.43634,-35.78625,18.64977,-0.070597,-0.069723,0.048934
beardhair_singles_569,-0.890366,-40.78753,8.170258,0.019359,-0.00388,0.017787
beardhair_singles_570,-2.792587,-39.17455,11.62276,-0.032238,0.061241,-0.038987
beardhair_singles_571,-3.254578,-37.45451,13.81583,0.052678,-0.085213,-0.071389
beardhair_singles_572,-5.484329,-44.60944,-10.67311,-0.046992,-0.002978,0.094221
beardhair_singles_573,-1.673935,-47.06814,-3.159546,0.050497,-0.046992,-0.088738
beardhair_singles_574,-2.775925,-46.56711,2.274597,0.071313,-0.017021,0.06087
beardhair_singles_575,-2.357468,-45.38988,3.20929,0.042865,-0.018469,0.082971
beardhair_singles_576,-2.975983,-43.60265,8.729065,0.004429,0.074012,0.084533
beardhair_singles_577,-6.29454,-49.32207,10.20108,0.05641,-0.028632,-0.065433
beardhair_singles_578,-7.256943,-45.25943,14.77664,0.09445,-0.062592,-0.054532
beardhair_singles_579,-6.87648,-41.88281,15.36357,0.08637,0.017423,-0.045489
beardhair_singles_580,-4.137711,-50.39116,-1.053253,0.028526,0.08552,-0.072045
beardhair_singles_581,-5.190048,-51.41477,1.988586,0.040202,-0.071171,-0.071635
beardhair_singles_582,-6.517303,-52.521,6.007874,0.015061,0.040245,0.097815
beardhair_singles_583,-5.36525,-36.30207,-15.73163,-0.01213,-0.070242,-0.021365
beardhair_singles_584,-1.377457,-37.27225,-12.59024,0.096115,0.046557,-0.035216
beardhair_singles_585,-7.12117,-22.2656,-23.28601,0.034807,0.069925,0.031941
beardhair_singles_586,-4.780716,-26.40414,-20.79245,0.098111,-0.010819,-0.080651
beardhair_singles_587,-0.943069,-28.35336,-19.78049,-0.038823,0.031352,-0.006694
beardhair_singles_588,3.319931,-30.10284,-18.92346,0.039733,-0.099202,0.054333
beardhair_singles_589,3.232254,-25.82597,-21.62923,0.02084,0.017268,0.048037
beardhair_singles_590,5.089706,-27.24817,-20.44936,0.067091,0.055641,-0.039806
beardhair_singles_591,-0.87117,-24.48915,-22.80547,-0.060215,-0.009453,-0.026692
beardhair_singles_592,4.244675,-27.22339,-21.00227,0.046766,0.095661,0.09706
beardhair_singles_593,7.441589,-28.13041,-19.54623,-0.02784,-0.028741,-0.098901
beardhair_singles_594,10.942,-27.33186,-18.46466,0.092272,-0.089667,0.069311
beardhair_singles_595,-8.805222,-23.25047,-22.8074,0.037254,0.079205,0.004608
beardhair_singles_596,-5.493912,-23.82753,-22.57895,0.003764,0.063249,0.036166
beardhair_singles_597,-0.540253,-26.74694,-21.23071,0.048009,-0.00765,0.057758
beardhair_singles_598,-0.81694,-29.34396,-19.62914,-0.060488,0.001725,0.058346
beardhair_singles_599,5.524979,-31.42225,-17.85254,-0.074394,-0.037402,-0.08199
beardhair_singles_600,7.718246,-30.82409,-17.73929,0.085672,0.075882,0.082165
beardhair_singles_601,11.7019,-32.26736,-15.68945,0.050171,-0.040653,0.077935
beardhair_singles_602,14.13161,-35.28239,-12.05017,-0.076635,-0.094093,-0.027102
beardhair_singles_603,18.37917,-35.41693,-10.42253,0.001129,-0.025299,-0.099748
beardhair_singles_604,-9.721786,-26.59191,-22.09329,-0.016256,0.044999,0.004266
beardhair_singles_605,-5.369827,-30.845,-19.42168,-0.035599,0.097828,-0.034178
beardhair_singles_606,-1.509903,-31.34901,-18.24774,0.008178,-0.033359,-0.035025
beardhair_singles_607,1.508743,-31.13951,-18.26654,-0.094011,-0.077127,-0.098327
beardhair_singles_608,3.653824,-34.18389,-14.76062,0.065829,-0.06781,0.032304
beardhair_singles_609,5.803391,-35.78485,-12.68033,-0.09565,0.071971,0.089072
beardhair_singles_610,11.90154,-37.22855,-9.742401,-0.098874,0.044601,0.0603
beardhair_singles_611,15.16924,-38.94888,-6.954269,0.074248,-0.03437,-0.040763
beardhair_singles_612,18.26521,-38.85909,-6.07132,0.062954,-0.059013,0.012965
beardhair_singles_613,0.601334,-32.50107,-17.11682,0.077107,-0.065952,-0.064969
beardhair_singles_614,-0.258087,-35.60758,-14.36163,0.080655,0.094019,0.014392
beardhair_singles_615,2.968979,-37.04875,-11.58496,0.071537,0.007002,0.053368
beardhair_singles_616,7.902542,-37.74024,-9.807343,-0.024343,-0.0415,-0.035954
beardhair_singles_617,10.52928,-38.97964,-7.196289,0.088954,-0.075105,0.073074
beardhair_singles_618,-6.294937,-23.58279,-22.75623,0.004217,-0.013852,-0.049013
beardhair_singles_619,-3.867584,-24.90504,-22.11349,-0.003415,-0.048221,0.017619
beardhair_singles_620,0.039429,-25.81209,-21.89005,-0.005874,0.015107,0.070575
beardhair_singles_621,5.200821,-28.61509,-19.92679,0.010034,0.01952,-0.00877
beardhair_singles_622,1.357315,-20.61606,-23.84979,0.039196,0.097718,-0.023277
beardhair_singles_623,5.306381,-19.691,-22.60226,-0.086197,0.064692,-0.080214
beardhair_singles_624,9.230713,-23.16056,-20.61441,-0.074285,0.031433,0.066333
beardhair_singles_625,12.74733,-23.55963,-18.08353,-0.083164,0.011129,-0.023523
beardhair_singles_626,14.98277,-27.47028,-15.59378,-0.039506,0.083552,0.065548
beardhair_singles_627,17.34839,-26.98773,-13.5213,-0.014726,-0.022048,0.033283
beardhair_singles_630,-7.973312,-21.3464,-23.42384,-0.076389,0.021218,0.044858
beardhair_singles_631,-3.923386,-23.57788,-23.04135,-0.068821,0.027778,-0.093082
beardhair_singles_633,24.3568,-31.39253,1.122559,-0.041309,-0.048221,0.007108
beardhair_singles_634,0.068802,-17.16369,-24.7303,0.071327,-0.009699,0.017483
beardhair_singles_635,4.356796,-21.04091,-22.88437,0.010452,0.018683,0.04336
beardhair_singles_636,6.257782,-21.67884,-21.97499,0.074271,0.075103,-0.075105
beardhair_singles_637,10.04083,-24.5962,-19.70648,0.002607,0.06055,-0.087727
beardhair_singles_638,12.96678,-26.2418,-17.57191,0.068086,0.001902,0.0258
beardhair_singles_642,-6.231339,-33.30544,-18.57101,-0.009398,0.099321,0.04349
beardhair_singles_643,-5.384583,-37.74397,-15.31586,-0.044997,0.09899,0.059809
beardhair_singles_644,0.478241,-38.09533,-11.20358,0.099691,-0.044833,0.069974
beardhair_singles_645,-1.339615,-40.96795,-8.095535,-0.04915,-0.071744,-0.039752
beardhair_singles_646,-7.732895,-29.35128,-20.85992,0.044852,-0.037211,-0.067373
beardhair_singles_647,-3.687241,-32.01889,-18.37173,0.010734,-0.038085,-0.0309
beardhair_singles_648,-7.76416,-21.52321,-23.39297,0.098452,0.063872,0.048966
beardhair_singles_649,-4.368088,-25.00675,-22.08101,-0.007814,-0.062646,-0.008715
beardhair_singles_650,1.35173,-20.93849,-23.70673,0.001326,0.046611,0.069534
beardhair_singles_651,2.092178,-20.5911,-23.56125,-0.080241,0.026729,0.066533
beardhair_singles_652,1.263962,-17.21932,-24.41068,-0.023714,-0.028277,0.038196
beardhair_singles_653,5.458817,-20.31706,-22.55449,-0.076689,-0.0465,-0.038495
beardhair_singles_654,8.304245,-21.36304,-21.32542,-0.023769,0.039618,-0.002104
beardhair_singles_655,11.8119,-22.97339,-19.33269,-0.096142,-0.058439,0.006168
beardhair_singles_656,15.51564,-24.83928,-16.85083,0.056605,0.09062,-0.08035
beardhair_singles_657,16.86797,-27.50133,-14.31802,-0.092371,-0.02814,-0.007759
beardhair_singles_658,-0.563385,-14.38907,-25.16833,-0.021665,-0.036419,-0.048085
beardhair_singles_659,-6.900162,-10.33105,-26.37489,-0.060133,-0.080323,-0.008907
beardhair_singles_660,-3.947357,-13.66701,-25.52649,0.099129,0.044899,0.067347
beardhair_singles_661,-0.195389,-14.303,-24.88431,0.095009,0.027045,-0.088492
beardhair_singles_662,3.771133,-18.77438,-23.52853,-0.029097,0.092058,0.097127
beardhair_singles_663,4.68541,-14.42237,-23.7908,-0.000847,-0.091934,0.075479
beardhair_singles_664,8.114334,-19.66109,-21.75449,-0.093191,-0.009398,-0.033741
beardhair_singles_665,12.06258,-20.34282,-19.92688,0.025912,-0.040052,0.022362
beardhair_singles_666,13.64986,-20.36306,-18.88309,-0.0153,0.075102,-0.04915
beardhair_singles_668,18.62328,-23.79313,-13.51602,-0.066745,-0.061636,-0.071416
beardhair_singles_669,22.03215,-36.12054,-5.907166,-0.006557,-0.012294,0.044908
beardhair_singles_670,22.32442,-37.8232,-1.078766,0.053613,0.026309,0.029915
beardhair_singles_671,22.94029,-36.35362,1.446564,-0.024042,-0.061472,-0.074558
beardhair_singles_672,22.04379,-35.61127,-6.567749,-0.074995,0.053881,0.029902
beardhair_singles_673,22.6566,-37.03758,-0.507111,-0.044533,0.043702,0.015373
beardhair_singles_674,22.0999,-37.39368,4.344757,0.053694,0.090866,0.046469
beardhair_singles_675,18.97639,-38.59859,6.151794,0.023142,-0.073466,0.038406
beardhair_singles_676,23.27672,-35.98277,-4.181961,-0.076389,-0.093164,-0.036337
beardhair_singles_677,22.87425,-36.51584,-0.91568,0.091898,-0.05251,-0.085514
beardhair_singles_678,22.95708,-35.83493,4.860016,-0.010655,0.050705,0.092884
beardhair_singles_680,23.69359,-31.91452,-2.953445,-0.044096,0.056589,-0.066854
beardhair_singles_681,24.03908,-33.94839,-0.010925,-0.017622,0.018885,-0.018168
beardhair_singles_682,22.92104,-32.4566,-4.844406,-0.083957,-0.087836,-0.060078
beardhair_singles_683,24.16188,-32.94877,-2.640274,0.001285,0.031757,0.015257
beardhair_singles_684,20.11687,-35.19839,-9.129211,0.01039,-0.045134,0.053855
beardhair_singles_686,23.40544,-36.35479,-1.395203,-0.082099,-0.000574,-0.095787
beardhair_singles_687,-3.629929,-15.34582,-25.36919,-0.097344,-0.054259,0.075039
beardhair_singles_688,-1.45787,-17.3485,-24.68613,-0.008961,0.00205,0.035592
beardhair_singles_689,1.684006,-19.11125,-23.86046,0.00442,0.041586,-0.081361
beardhair_singles_690,4.711441,-21.63556,-22.4342,0.009706,-0.085241,-0.075651
beardhair_singles_691,9.126953,-23.46915,-20.21597,-0.085405,-0.031993,-0.004043
beardhair_singles_692,11.5507,-26.2775,-18.14166,-0.033714,-0.054505,0.055186
beardhair_singles_693,13.2867,-27.9375,-16.59363,0.026302,0.034637,-0.065788
beardhair_singles_694,17.85286,-30.86538,-12.55832,-0.041446,-0.097535,-0.009999
beardhair_singles_696,22.05626,-33.89555,-7.026169,0.052309,-0.006967,0.055086
beardhair_singles_697,0.658615,-18.18332,-24.33841,-0.082809,0.040049,-0.070488
beardhair_singles_698,2.486282,-19.38214,-23.71695,-0.068903,0.040182,0.096425
beardhair_singles_699,7.840363,-23.48284,-21.09332,0.022765,0.024169,-0.072837
beardhair_singles_700,9.283188,-24.0652,-20.15268,-0.029752,-0.004672,0.034289
beardhair_singles_701,12.5061,-24.54412,-18.29474,0.092158,-0.016256,0.033318
beardhair_singles_702,16.07661,-26.41645,-14.94601,0.03812,-0.000738,0.019736
beardhair_singles_703,19.18938,-27.61247,-10.85042,-0.04915,0.05098,-0.023933
